{
  "tool": "mock_near_perfect",
  "per_page": {
    "bank-loan-app-001-shadow": {
      "n_gt": 11,
      "n_det": 11,
      "by_threshold": {
        "0.5": {
          "tp": 11,
          "fp": 0,
          "fn": 0,
          "precision": 1.0,
          "recall": 1.0,
          "f1": 1.0
        },
        "0.75": {
          "tp": 7,
          "fp": 4,
          "fn": 4,
          "precision": 0.6363636363636364,
          "recall": 0.6363636363636364,
          "f1": 0.6363636363636364
        },
        "0.9": {
          "tp": 6,
          "fp": 5,
          "fn": 5,
          "precision": 0.5454545454545454,
          "recall": 0.5454545454545454,
          "f1": 0.5454545454545454
        }
      },
      "detection_time_ms": 629.3,
      "failed": false
    },
    "bank-loan-app-001": {
      "n_gt": 11,
      "n_det": 11,
      "by_threshold": {
        "0.5": {
          "tp": 11,
          "fp": 0,
          "fn": 0,
          "precision": 1.0,
          "recall": 1.0,
          "f1": 1.0
        },
        "0.75": {
          "tp": 8,
          "fp": 3,
          "fn": 3,
          "precision": 0.7272727272727273,
          "recall": 0.7272727272727273,
          "f1": 0.7272727272727273
        },
        "0.9": {
          "tp": 5,
          "fp": 6,
          "fn": 6,
          "precision": 0.45454545454545453,
          "recall": 0.45454545454545453,
          "f1": 0.45454545454545453
        }
      },
      "detection_time_ms": 760.9,
      "failed": false
    },
    "edu-algebra-worksheet-001-lowres": {
      "n_gt": 8,
      "n_det": 8,
      "by_threshold": {
        "0.5": {
          "tp": 8,
          "fp": 0,
          "fn": 0,
          "precision": 1.0,
          "recall": 1.0,
          "f1": 1.0
        },
        "0.75": {
          "tp": 8,
          "fp": 0,
          "fn": 0,
          "precision": 1.0,
          "recall": 1.0,
          "f1": 1.0
        },
        "0.9": {
          "tp": 6,
          "fp": 2,
          "fn": 2,
          "precision": 0.75,
          "recall": 0.75,
          "f1": 0.75
        }
      },
      "detection_time_ms": 718.4,
      "failed": false
    },
    "edu-algebra-worksheet-001-rot7": {
      "n_gt": 8,
      "n_det": 8,
      "by_threshold": {
        "0.5": {
          "tp": 8,
          "fp": 0,
          "fn": 0,
          "precision": 1.0,
          "recall": 1.0,
          "f1": 1.0
        },
        "0.75": {
          "tp": 8,
          "fp": 0,
          "fn": 0,
          "precision": 1.0,
          "recall": 1.0,
          "f1": 1.0
        },
        "0.9": {
          "tp": 7,
          "fp": 1,
          "fn": 1,
          "precision": 0.875,
          "recall": 0.875,
          "f1": 0.875
        }
      },
      "detection_time_ms": 654.8,
      "failed": false
    },
    "edu-algebra-worksheet-001": {
      "n_gt": 8,
      "n_det": 8,
      "by_threshold": {
        "0.5": {
          "tp": 8,
          "fp": 0,
          "fn": 0,
          "precision": 1.0,
          "recall": 1.0,
          "f1": 1.0
        },
        "0.75": {
          "tp": 8,
          "fp": 0,
          "fn": 0,
          "precision": 1.0,
          "recall": 1.0,
          "f1": 1.0
        },
        "0.9": {
          "tp": 3,
          "fp": 5,
          "fn": 5,
          "precision": 0.375,
          "recall": 0.375,
          "f1": 0.375
        }
      },
      "detection_time_ms": 882.5,
      "failed": false
    },
    "edu-chem-lab-001-badlight": {
      "n_gt": 14,
      "n_det": 14,
      "by_threshold": {
        "0.5": {
          "tp": 14,
          "fp": 0,
          "fn": 0,
          "precision": 1.0,
          "recall": 1.0,
          "f1": 1.0
        },
        "0.75": {
          "tp": 14,
          "fp": 0,
          "fn": 0,
          "precision": 1.0,
          "recall": 1.0,
          "f1": 1.0
        },
        "0.9": {
          "tp": 6,
          "fp": 8,
          "fn": 8,
          "precision": 0.42857142857142855,
          "recall": 0.42857142857142855,
          "f1": 0.42857142857142855
        }
      },
      "detection_time_ms": 828.6,
      "failed": false
    },
    "edu-chem-lab-001-highres": {
      "n_gt": 14,
      "n_det": 14,
      "by_threshold": {
        "0.5": {
          "tp": 14,
          "fp": 0,
          "fn": 0,
          "precision": 1.0,
          "recall": 1.0,
          "f1": 1.0
        },
        "0.75": {
          "tp": 14,
          "fp": 0,
          "fn": 0,
          "precision": 1.0,
          "recall": 1.0,
          "f1": 1.0
        },
        "0.9": {
          "tp": 12,
          "fp": 2,
          "fn": 2,
          "precision": 0.8571428571428571,
          "recall": 0.8571428571428571,
          "f1": 0.8571428571428571
        }
      },
      "detection_time_ms": 771.2,
      "failed": false
    },
    "edu-chem-lab-001": {
      "n_gt": 14,
      "n_det": 13,
      "by_threshold": {
        "0.5": {
          "tp": 13,
          "fp": 0,
          "fn": 1,
          "precision": 1.0,
          "recall": 0.9285714285714286,
          "f1": 0.962962962962963
        },
        "0.75": {
          "tp": 13,
          "fp": 0,
          "fn": 1,
          "precision": 1.0,
          "recall": 0.9285714285714286,
          "f1": 0.962962962962963
        },
        "0.9": {
          "tp": 9,
          "fp": 4,
          "fn": 5,
          "precision": 0.6923076923076923,
          "recall": 0.6428571428571429,
          "f1": 0.6666666666666666
        }
      },
      "detection_time_ms": 836.9,
      "failed": false
    },
    "gov-eu-visa-001-faxq": {
      "n_gt": 15,
      "n_det": 15,
      "by_threshold": {
        "0.5": {
          "tp": 15,
          "fp": 0,
          "fn": 0,
          "precision": 1.0,
          "recall": 1.0,
          "f1": 1.0
        },
        "0.75": {
          "tp": 12,
          "fp": 3,
          "fn": 3,
          "precision": 0.8,
          "recall": 0.8,
          "f1": 0.8000000000000002
        },
        "0.9": {
          "tp": 6,
          "fp": 9,
          "fn": 9,
          "precision": 0.4,
          "recall": 0.4,
          "f1": 0.4000000000000001
        }
      },
      "detection_time_ms": 903.2,
      "failed": false
    },
    "gov-eu-visa-001-rot3": {
      "n_gt": 15,
      "n_det": 14,
      "by_threshold": {
        "0.5": {
          "tp": 14,
          "fp": 0,
          "fn": 1,
          "precision": 1.0,
          "recall": 0.9333333333333333,
          "f1": 0.9655172413793104
        },
        "0.75": {
          "tp": 11,
          "fp": 3,
          "fn": 4,
          "precision": 0.7857142857142857,
          "recall": 0.7333333333333333,
          "f1": 0.7586206896551724
        },
        "0.9": {
          "tp": 5,
          "fp": 9,
          "fn": 10,
          "precision": 0.35714285714285715,
          "recall": 0.3333333333333333,
          "f1": 0.3448275862068965
        }
      },
      "detection_time_ms": 745.3,
      "failed": false
    },
    "gov-eu-visa-001": {
      "n_gt": 15,
      "n_det": 15,
      "by_threshold": {
        "0.5": {
          "tp": 15,
          "fp": 0,
          "fn": 0,
          "precision": 1.0,
          "recall": 1.0,
          "f1": 1.0
        },
        "0.75": {
          "tp": 12,
          "fp": 3,
          "fn": 3,
          "precision": 0.8,
          "recall": 0.8,
          "f1": 0.8000000000000002
        },
        "0.9": {
          "tp": 7,
          "fp": 8,
          "fn": 8,
          "precision": 0.4666666666666667,
          "recall": 0.4666666666666667,
          "f1": 0.4666666666666667
        }
      },
      "detection_time_ms": 777.6,
      "failed": false
    },
    "gov-us-w4-001-jpeg": {
      "n_gt": 14,
      "n_det": 13,
      "by_threshold": {
        "0.5": {
          "tp": 13,
          "fp": 0,
          "fn": 1,
          "precision": 1.0,
          "recall": 0.9285714285714286,
          "f1": 0.962962962962963
        },